Fold,WinnerDataset,WinnerValObjective
1,CWT,0.945382323733863
2,CWT,0.9417420814479638
3,CWT,0.990605151729005
4,Balanced_COMB,0.9820126705653022
5,Balanced_COMB,0.9999999999999959
